[
  {
    "date": "2016-01-01",
    "name": "New Year's Day",
    "age": 106,
    "url": "https:\/\/en.wikipedia.org\/wiki\/New_Year%27s_Day"
  },
  {
    "date": "2016-03-21",
    "name": "Human Rights Day",
    "age": 20,
    "url": "https:\/\/en.wikipedia.org\/wiki\/Human_Rights_Day"
  },
  {
    "date": "2016-03-25",
    "name": "Good Friday",
    "age": 106,
    "url": "https:\/\/en.wikipedia.org\/wiki\/Good_Friday"
  },
  {
    "date": "2016-03-27",
    "name": "Easter",
    "url": "https:\/\/en.wikipedia.org\/wiki\/Easter",
    "description": "Easter (Old English: \u0112ostre; Greek: \u03a0\u03ac\u03c3\u03c7\u03b1, Paskha; Aramaic: \u05e4\u05b6\u05bc\u05e1\u05d7\u05d0\u200e Pas\u1e25a; from Hebrew: \u05e4\u05b6\u05bc\u05e1\u05b7\u05d7\u200e Pesa\u1e25) is the central feast in the Christian liturgical year. According to the Canonical gospels, Jesus rose from the dead on the third day after his crucifixion. His resurrection is celebrated on Easter Day or Easter Sunday (also Resurrection Day or Resurrection Sunday). The chronology of his death and resurrection is variously interpreted to have occurred between AD 26 and 36."
  },
  {
    "date": "2016-03-28",
    "name": "Family Day",
    "age": 106,
    "url": "https:\/\/en.wikipedia.org\/wiki\/Family_Day"
  },
  {
    "date": "2016-04-27",
    "name": "Freedom Day",
    "age": 22,
    "url": "https:\/\/en.wikipedia.org\/wiki\/Freedom_Day_%28South_Africa%29"
  },
  {
    "date": "2016-05-01",
    "name": "Workers' Day",
    "age": 22,
    "url": "https:\/\/en.wikipedia.org\/wiki\/Workers%27_Day"
  },
  {
    "date": "2016-05-02",
    "name": "Public holiday (Workers' Day)",
    "age": 22,
    "url": "https:\/\/en.wikipedia.org\/wiki\/Workers%27_Day"
  },
  {
    "date": "2016-06-16",
    "name": "Youth Day",
    "age": 21,
    "url": "https:\/\/en.wikipedia.org\/wiki\/Youth_Day"
  },
  {
    "date": "2016-08-09",
    "name": "National Women's Day",
    "age": 21,
    "url": "https:\/\/en.wikipedia.org\/wiki\/National_Women%27s_Day"
  },
  {
    "date": "2016-09-24",
    "name": "Heritage Day",
    "age": 21,
    "url": "https:\/\/en.wikipedia.org\/wiki\/Heritage_Day_%28South_Africa%29"
  },
  {
    "date": "2016-12-16",
    "name": "Day of Reconciliation",
    "age": 21,
    "url": "https:\/\/en.wikipedia.org\/wiki\/Day_of_Reconciliation"
  },
  {
    "date": "2016-12-25",
    "name": "Christmas Day",
    "age": 106,
    "url": "https:\/\/en.wikipedia.org\/wiki\/Christmas"
  },
  {
    "date": "2016-12-26",
    "name": "Day of Goodwill",
    "age": 36,
    "url": "https:\/\/en.wikipedia.org\/wiki\/Day_of_Goodwill"
  },
  {
    "date": "2016-12-27",
    "name": "Public holiday (Christmas Day)",
    "age": 106,
    "url": "https:\/\/en.wikipedia.org\/wiki\/Christmas"
  }
]