{
  "cnt": 3,
  "list": [
    {
      "coord": {
        "lon": 18.42,
        "lat": -33.92
      },
      "sys": {
        "type": 3,
        "id": 1444060593,
        "message": 0.0297,
        "country": "ZA",
        "sunrise": 1473914642,
        "sunset": 1473957503
      },
      "weather": [
        {
          "id": 500,
          "main": "Rain",
          "description": "light rain",
          "icon": "10n"
        }
      ],
      "main": {
        "temp": 14.55,
        "humidity": 76,
        "pressure": 1010,
        "temp_min": 13.89,
        "temp_max": 15
      },
      "wind": {
        "speed": 8.16,
        "deg": 340.502
      },
      "rain": {
        "3h": 2.03
      },
      "clouds": {
        "all": 100
      },
      "dt": 1473968849,
      "id": 7302538,
      "name": "De Waterkant"
    },
    {
      "coord": {
        "lon": 30.52,
        "lat": 50.43
      },
      "sys": {
        "type": 1,
        "id": 7358,
        "message": 0.0279,
        "country": "UA",
        "sunrise": 1473910497,
        "sunset": 1473955842
      },
      "weather": [
        {
          "id": 800,
          "main": "Clear",
          "description": "sky is clear",
          "icon": "02n"
        }
      ],
      "main": {
        "temp": 9.66,
        "pressure": 1018,
        "humidity": 81,
        "temp_min": 8,
        "temp_max": 11
      },
      "visibility": 9000,
      "wind": {
        "speed": 0.16,
        "deg": 356.002
      },
      "clouds": {
        "all": 5
      },
      "dt": 1473967800,
      "id": 703448,
      "name": "Kiev"
    },
    {
      "coord": {
        "lon": -74.01,
        "lat": 40.71
      },
      "sys": {
        "type": 1,
        "id": 1975,
        "message": 0.0434,
        "country": "US",
        "sunrise": 1473935868,
        "sunset": 1473980629
      },
      "weather": [
        {
          "id": 801,
          "main": "Clouds",
          "description": "few clouds",
          "icon": "02d"
        }
      ],
      "main": {
        "temp": 22.34,
        "pressure": 1024,
        "humidity": 33,
        "temp_min": 20.56,
        "temp_max": 24
      },
      "visibility": 16093,
      "wind": {
        "speed": 4.1,
        "deg": 100
      },
      "clouds": {
        "all": 20
      },
      "dt": 1473969003,
      "id": 5128581,
      "name": "New York"
    }
  ]
}